Tabla  POBLACION,,,,,,
,,,,,,
#,Variable,Descripción,Tipo,Categorías,,
,,,,valor,etiqueta o rango,
1,folioviv,"Identificador de la vivienda compuesto por dos dígitos con la clave de la entidad federativa, uno con el ámbito (urbano, código diferente a 6; rural, código 6), cuatro dígitos del número consecutivo de la upm, un dígito de la decena de levantamiento y dos dígitos con un número consecutivo para la vivienda seleccionada.",C (10),,,
2,foliohog,El código 1 identifica al hogar principal y del 2 al 5 los hogares adicionales.,C (1),,,
3,numren,Número consecutivo en el registro de personas integrantes del hogar.,C (2),,,
4,parentesco,"Vínculo o lazo de unión que existe entre el jefe(a) y los integrantes del hogar, ya sea conyugal, por consanguinidad, adopción, afinidad o costumbre.",C (3),,Catálogo de parentesco,
5,sexo,Distinción biológica que clasifica a las personas en hombres o mujeres.,C (1),,"{1,2}",
,,,,1,Hombre,
,,,,2,Mujer,
6,edad,Años transcurridos entre la fecha de nacimiento de la persona y la fecha de la entrevista.,N (3),,,
7,madre_hog,Identifican a la madre de las personas del hogar.,C (1),,"{1,2}",
,,,,1,Sí,
,,,,2,No,
8,madre_id,Número de renglón correspondiente a la madre.,C (2),,,
9,padre_hog,Identifican al padre de las personas del hogar .,C (1),,"{1,2}",
,,,,1,Sí,
,,,,2,No,
10,padre_id,Número de renglón correspondiente al padre.,C (2),,,
11,disc1,"Discapacidad que presenta algún integrante del hogar (limitación para moverse, caminar, usar sus brazos o piernas, persona ciega, sorda o muda, retraso o deficiencia mental).",C (1),,"{1,...,8}",
,,,,1,"Caminar, moverse, subir o bajar",
,,,,2,"Ver, aun usando lentes",
,,,,3,"Hablar, comunicarse o conversar",
,,,,4,"Oír, aun usando aparato auditivo",
,,,,5,"Vestirse, bañarse o comer",
,,,,6,Poner atención o aprender cosas sencillas,
,,,,7,Tiene alguna limitación mental,
,,,,8,No tiene dificulta física o mental,
12,disc2,"Discapacidad que presenta algún integrante del hogar (limitación para moverse, caminar, usar sus brazos o piernas, persona ciega, sorda o muda, retraso o deficiencia mental).",C (1),,"{2,...,7}",
,,,,2,"Ver, aun usando lentes",
,,,,3,"Hablar, comunicarse o conversar",
,,,,4,"Oír, aun usando aparato auditivo",
,,,,5,"Vestirse, bañarse o comer",
,,,,6,Poner atención o aprender cosas sencillas,
,,,,7,Tiene alguna limitación mental,
13,disc3,"Discapacidad que presenta algún integrante del hogar (limitación para moverse, caminar, usar sus brazos o piernas, persona ciega, sorda o muda, retraso o deficiencia mental).",C (1),,"{3,...,7}",
,,,,3,"Hablar, comunicarse o conversar",
,,,,4,"Oír, aun usando aparato auditivo",
,,,,5,"Vestirse, bañarse o comer",
,,,,6,Poner atención o aprender cosas sencillas,
,,,,7,Tiene alguna limitación mental,
14,disc4,"Discapacidad que presenta algún integrante del hogar (limitación para moverse, caminar, usar sus brazos o piernas, persona ciega, sorda o muda, retraso o deficiencia mental).",C (1),,"{4,...,7}",
,,,,4,"Oír, aun usando aparato auditivo",
,,,,5,"Vestirse, bañarse o comer",
,,,,6,Poner atención o aprender cosas sencillas,
,,,,7,Tiene alguna limitación mental,
15,disc5,"Discapacidad que presenta algún integrante del hogar (limitación para moverse, caminar, usar sus brazos o piernas, persona ciega, sorda o muda, retraso o deficiencia mental).",C (1),,"{5,...,7}",
,,,,5,"Vestirse, bañarse o comer",
,,,,6,Poner atención o aprender cosas sencillas,
,,,,7,Tiene alguna limitación mental,
16,disc6,"Discapacidad que presenta algún integrante del hogar (limitación para moverse, caminar, usar sus brazos o piernas, persona ciega, sorda o muda, retraso o deficiencia mental).",C (1),,"{6,7}",
,,,,6,Poner atención o aprender cosas sencillas,
,,,,7,Tiene alguna limitación mental,
17,disc7,"Discapacidad que presenta algún integrante del hogar (limitación para moverse, caminar, usar sus brazos o piernas, persona ciega, sorda o muda, retraso o deficiencia mental).",C (1),,{7},
,,,,7,Tiene alguna limitación mental,
18,causa1,Causa de la discapacidad presente en algún integrante del hogar.,C (1),,"{1,...,5}",
,,,,1,Porque nació así,
,,,,2,Por una enfermedad,
,,,,3,Por un accidente,
,,,,4,Por edad avanzada,
,,,,5,Por otra causa,
19,causa2,Causa de la discapacidad presente en algún integrante del hogar.,C (1),,"{1,...,5}",
,,,,1,Porque nació así,
,,,,2,Por una enfermedad,
,,,,3,Por un accidente,
,,,,4,Por edad avanzada,
,,,,5,Por otra causa,
20,causa3,Causa de la discapacidad presente en algún integrante del hogar.,C (1),,"{1,...,5}",
,,,,1,Porque nació así,
,,,,2,Por una enfermedad,
,,,,3,Por un accidente,
,,,,4,Por edad avanzada,
,,,,5,Por otra causa,
21,causa4,Causa de la discapacidad presente en algún integrante del hogar.,C (1),,"{1,...,5}",
,,,,1,Porque nació así,
,,,,2,Por una enfermedad,
,,,,3,Por un accidente,
,,,,4,Por edad avanzada,
,,,,5,Por otra causa,
22,causa5,Causa de la discapacidad presente en algún integrante del hogar.,C (1),,"{1,...,5}",
,,,,1,Porque nació así,
,,,,2,Por una enfermedad,
,,,,3,Por un accidente,
,,,,4,Por edad avanzada,
,,,,5,Por otra causa,
23,causa6,Causa de la discapacidad presente en algún integrante del hogar.,C (1),,"{1,...,5}",
,,,,1,Porque nació así,
,,,,2,Por una enfermedad,
,,,,3,Por un accidente,
,,,,4,Por edad avanzada,
,,,,5,Por otra causa,
24,causa7,Causa de la discapacidad presente en algún integrante del hogar.,C (1),,"{1,...,5}",
,,,,1,Porque nació así,
,,,,2,Por una enfermedad,
,,,,3,Por un accidente,
,,,,4,Por edad avanzada,
,,,,5,Por otra causa,
25,hablaind,Personas de 3 años o más que hablan alguna lengua indígena o dialecto.,C (1),,"{1,2}",
,,,,1,Sí,
,,,,2,No,
26,lenguaind,Lengua indígena o dialecto que hablan los residentes de la vivienda de 3 años o más.,C (4),,Catálogo de lengua indígena,
27,hablaesp,Personas de 3 años o más que hablan alguna lengua indígena o dialecto también hablan el español.,C (1),,"{1,2}",
,,,,1,Sí,
,,,,2,No,
28,comprenind,Personas de 3 años o más entienden alguna lengua indígena.,C (1),,"{1,2}",
,,,,1,Sí,
,,,,2,No,
29,etnia,Personas de 3 años o más de acuerdo con su cultura se consideran indígenas.,C (1),,"{1,2}",
,,,,1,Sí,
,,,,2,No,
30,alfabetism,Situación que distingue a las personas de 3 o más años según sepan leer y escribir un recado.,C (1),,"{1,2}",
,,,,1,Sí,
,,,,2,No,
31,asis_esc,"Situación que distingue a las personas de 3 o más años según asistan o no a algún establecimiento de enseñanza escolar del Sistema Educativo Nacional (SEN), en cualquier nivel.",C (1),,"{1,2}",
,,,,1,Sí,
,,,,2,No,
32,nivel,Nivel al que asiste a la escuela el integrante del hogar de 3 o más años dentro del Sistema Educativo Nacional.,C (2),,"{01,...,13}",
,,,,1,Preescolar,
,,,,2,Estancias infantiles,
,,,,3,"Guarderías públicas (IMSS, ISSSTE, SEDENA, SEMAR, PEMEX)",
,,,,4,Centro de Desarrollo Infantil (CENDI) o Centro Asistencial de Desarrollo Infantil (CADI),
,,,,5,Otras guarderías,
,,,,6,Primaria,
,,,,7,Secundaria,
,,,,8,Carrera técnica con secundaria terminada,
,,,,9,Preparatoria o bachillerato,
,,,,10,Carrera técnica con preparatoria terminada,
,,,,11,Normal,
,,,,12,Profesional,
,,,,13,Maestría o doctorado,
33,grado,Grado al que asiste a la escuela el integrante del hogar de 3 o más años dentro del Sistema Educativo Nacional.,C (1),,"{1,...,6}",
,,,,1,Primer año,
,,,,2,Segundo año,
,,,,3,Tercer año,
,,,,4,Cuarto año,
,,,,5,Quinto año,
,,,,6,Sexto año,
34,tipoesc,"Tipo de escuela a la que asiste el integrante del hogar de 3 o más años dentro del Sistema Educativo Nacional según sea pública, privada o de otro tipo.",C (1),,"{1,...,3}",
,,,,1,Pública o de gobierno,
,,,,2,Privada o de paga,
,,,,3,De otro tipo,
35,tiene_b,Apoyo en dinero o especie que se proporciona a los integrantes del hogar que asisten a la escuela.,C (1),,"{1,2}",
,,,,1,Sí,
,,,,2,No,
36,otorg_b,Institución u organismo que otorgó la beca escolar.,C (1),,"{1,...,5}",
,,,,1,El programa PROSPERA,
,,,,2,Su escuela pública o de gobierno,
,,,,3,Su escuela privada o de paga,
,,,,4,Un organismo de gobierno,
,,,,5,Una institución privada,
37,forma_b,Forma en la que se recibió la beca escolar.,C (1),,"{1,...,5}",
,,,,1,Sólo en dinero,
,,,,2,Sólo en artículos,
,,,,3,En dinero y en artículos,
,,,,4,No paga colegiatura,
,,,,5,Sólo paga parte de la colegiatura,
38,tiene_c,"Aportación que recibe el integrante del hogar que asiste a la escuela para el pago de colegiatura, hospedaje, alimentación, materiales, etcétera. Quien lo recibe está comprometido a pagarlo en parte o en su totalidad al concluir sus estudios.",C (1),,"{1,2}",
,,,,1,Sí,
,,,,2,No,
39,otorg_c,Institución u organismo que otorgó el crédito educativo.,C (1),,"{1,...,4}",
,,,,1,Su escuela pública o de gobierno,
,,,,2,Su escuela privada o de paga,
,,,,3,Un organismo de gobierno,
,,,,4,Una institución privada,
40,forma_c,Forma en la que se recibió el crédito educativo.,C (1),,"{1,...,3}",
,,,,1,Sólo en dinero,
,,,,2,No paga colegiatura,
,,,,3,Sólo paga parte de la colegiatura,
41,nivelaprob,"Año máximo aprobado en la escuela, por el integrante del hogar de 3 o más años dentro del Sistema Educativo Nacional.",C (1),,"{0,...,9}",
,,,,0,Ninguno,
,,,,1,Preescolar,
,,,,2,Primaria,
,,,,3,Secundaria,
,,,,4,Preparatoria o bachillerato,
,,,,5,Normal,
,,,,6,Carrera técnica o comercial,
,,,,7,Profesional,
,,,,8,Maestría,
,,,,9,Doctorado,
42,gradoaprob,"Grado máximo aprobado en la escuela, por el integrante del hogar de 3 o más años dentro del Sistema Educativo Nacional.",C (1),,"{0,...,6}",
,,,,0,Ninguno,
,,,,1,Primer año,
,,,,2,Segundo año,
,,,,3,Tercer año,
,,,,4,Cuarto año,
,,,,5,Quinto año,
,,,,6,Sexto año,
43,antec_esc,"Antecedente escolar que se pide al integrante del hogar, para cursar sus estudios (a partir de Normal), dentro del Sistema Educativo Nacional.",C (1),,"{1,...,5}",
,,,,1,Primaria,
,,,,2,Secundaria,
,,,,3,Preparatoria o bachillerato,
,,,,4,Licenciatura o profesional,
,,,,5,Maestría,
44,residencia,"Entidad o país de residencia del integrante del hogar, 5 años antes del momento de la entrevista.",C (2),,Catálogo de residencia,
45,edo_conyug,Estado conyugal del integrante del hogar de 12 o más años.,C (1),,"{1,...,6}",
,,,,1,Vive con su pareja o en unión libre,
,,,,2,Está casado(a),
,,,,3,Está separado(a),
,,,,4,Está divorciado(a),
,,,,5,Es viudo(a),
,,,,6,Está soltero(a),
46,pareja_hog,Cónyuge del integrante del hogar de 12 o más años.,C (1),,"{1,2}",
,,,,1,Sí,
,,,,2,No,
47,conyuge_id,Número de renglón del cónyuge del integrante del hogar de 12 o más años.,C (2),,"{01,...,50}",
48,segsoc,Todas las aportaciones monetarias realizadas por los integrantes del hogar a las instituciones de seguridad social a lo largo de su vida productiva a fin de gozar de los beneficios de esta. Pueden ser instituciones nacionales y/o extranjeras.,C (1),,"{1,2}",
,,,,1,Sí,
,,,,2,No,
49,ss_aa,Número de años de contribución a la seguridad social.,N (2),,,
50,ss_mm,Número de meses de contribución a la seguridad social.,N (2),,,
51,redsoc_1,El nivel de dificultad o facilidad con que las personas podrían conseguir ayuda para conseguir un trabajo.,C (1),,"{1,...,5}",
,,,,1,Imposible conseguirla,
,,,,2,Difícil conseguirla,
,,,,3,Fácil conseguirla,
,,,,4,Muy fácil conseguirla,
,,,,5,Ni fácil ni difícil conseguirla (espontánea),
52,redsoc_2,El nivel de dificultad o facilidad con que las personas podrían conseguir ayuda para que lo(a) cuiden en una enfermedad.,C (1),,"{1,...,5}",
,,,,1,Imposible conseguirla,
,,,,2,Difícil conseguirla,
,,,,3,Fácil conseguirla,
,,,,4,Muy fácil conseguirla,
,,,,5,Ni fácil ni difícil conseguirla (espontánea),
53,redsoc_3,El nivel de dificultad o facilidad con que las personas podrían conseguir prestada la cantidad de dinero que ingresa al hogar en un mes.,C (1),,"{1,...,5}",
,,,,1,Imposible conseguirla,
,,,,2,Difícil conseguirla,
,,,,3,Fácil conseguirla,
,,,,4,Muy fácil conseguirla,
,,,,5,Ni fácil ni difícil conseguirla (espontánea),
54,redsoc_4,El nivel de dificultad o facilidad con que las personas podrían conseguir ayuda para que lo(a) acompañen al doctor.,C (1),,"{1,...,5}",
,,,,1,Imposible conseguirla,
,,,,2,Difícil conseguirla,
,,,,3,Fácil conseguirla,
,,,,4,Muy fácil conseguirla,
,,,,5,Ni fácil ni difícil conseguirla (espontánea),
55,redsoc_5,El nivel de dificultad o facilidad con que las personas podrían conseguir cooperación para realizar mejoras en su colonia o localidad.,C (1),,"{1,...,5}",
,,,,1,Imposible conseguirla,
,,,,2,Difícil conseguirla,
,,,,3,Fácil conseguirla,
,,,,4,Muy fácil conseguirla,
,,,,5,Ni fácil ni difícil conseguirla (espontánea),
56,redsoc_6,El nivel de dificultad o facilidad con que las personas podrían conseguir ayuda para que cuiden a los(as) niños(as) en este hogar.,C (1),,"{1,...,5}",
,,,,1,Imposible conseguirla,
,,,,2,Difícil conseguirla,
,,,,3,Fácil conseguirla,
,,,,4,Muy fácil conseguirla,
,,,,5,Ni fácil ni difícil conseguirla (espontánea),
57,hor_1,"El tiempo, en horas, que las personas dedicaron a trabajar.",N (3),,,
58,min_1,"El tiempo, en minutos, que las personas dedicaron a trabajar.",N (2),,,
59,usotiempo1,No recuerda haber trabajado.,C (1),,"{8,9}",
,,,,8,No recuerda,
,,,,9,No lo hizo,
60,hor_2,40,N (3),,,
61,min_2,"El tiempo, en minutos, que las personas dedicaron a estudiar y hacer actividades relacionadas con el estudio.",N (2),,,
62,usotiempo2,No recuerda haber dedicado tiempo para estudiar.,C (1),,"{8,9}",
,,,,8,No recuerda,
,,,,9,No lo hizo,
63,hor_3,"El tiempo, en horas, que las personas dedicaron a realizar trabajo comunitario o voluntario.",N (2),,,
64,min_3,"El tiempo, en minutos, que las personas dedicaron a realizar trabajo comunitario o voluntario.",N (2),,,
65,usotiempo3,No recuerda haber dedicado tiempo para realizar trabajo comunitario o voluntario.,C (1),,"{8,9}",
,,,,8,No recuerda,
,,,,9,No lo hizo,
66,hor_4,"El tiempo, en horas, que las personas dedicaron a cuidar, atender sin pago y de manera exclusiva a niños, ancianos, enfermos, discapacitados.",N (2),,,
67,min_4,"El tiempo, en minutos, que las personas dedicaron a cuidar, atender sin pago y de manera exclusiva a niños, ancianos, enfermos, discapacitados.",N (2),,,
68,usotiempo4,"No recuerda haber dedicado tiempo para cuidar, atender sin pago y de manera exclusiva a niños, ancianos, enfermos, discapacitados.",C (1),,"{8,9}",
,,,,8,No recuerda,
,,,,9,No lo hizo,
69,hor_5,"El tiempo, en horas, que las personas dedicaron a reparar o dar mantenimiento a su vivienda, muebles, aparatos domésticos o vehículos",N (2),,,
70,min_5,"El tiempo, en minutos, que las personas dedicaron a reparar o dar mantenimiento a su vivienda, muebles, aparatos domésticos o vehículos.",N (2),,,
71,usotiempo5,"No recuerda haber dedicado tiempo a reparar o dar mantenimiento a su vivienda, muebles, aparatos domésticos o vehículos.",C (1),,"{8,9}",
,,,,8,No recuerda,
,,,,9,No lo hizo,
72,hor_6,"El tiempo, en horas, que las personas dedicaron a los quehaceres del hogar.",N (2),,,
73,min_6,"El tiempo, en minutos, que las personas dedicaron a los quehaceres del hogar.",N (2),,,
74,usotiempo6,No recuerda haber dedicado tiempo a quehaceres del hogar.,C (1),,"{8,9}",
,,,,8,No recuerda,
,,,,9,No lo hizo,
75,hor_7,"El tiempo, en horas, que las personas dedicaron a acarrear agua o leña.",N (2),,,
76,min_7,"El tiempo, en minutos, que las personas dedicaron a acarrear agua o leña.",N (2),,,
77,usotiempo7,No recuerda haber dedicado tiempo para acarrear agua o leña.,C (1),,"{8,9}",
,,,,8,No recuerda,
,,,,9,No lo hizo,
78,hor_8,12,N (2),,,
79,min_8,"El tiempo, en minutos, que las personas dedicaron a realizar actividades de su gusto.",N (2),,,
80,usotiempo8,No recuerda haber dedicado tiempo para realizar actividades de su gusto.,C (1),,"{8,9}",
,,,,8,No recuerda,
,,,,9,No lo hizo,
81,segpop,Afiliación al Seguro Popular, que es un seguro médico público voluntario dirigido a las personas sin seguridad social en salud con el fin de evitar empobrecimiento por causa de gastos médicos de bolsillo y mejorar las condiciones de salud.,C (1),,"{1,2}"
,,,,1,Sí,
,,,,2,No,
82,atemed,Personas están o no afiliadas o inscritas a alguna institución que proporciona atención médica.,C (1),,"{1,2}",
,,,,1,Sí,
,,,,2,No,
83,inst_1,Institución que proporciona servicios de salud a la que está afiliada o inscrita las personas del hogar.,C (1),,{1},
,,,,1,En el IMSS,
84,inst_2,Institución que proporciona servicios de salud a la que está afiliada o inscrita las personas del hogar.,C (1),,{2},
,,,,2,En el ISSSTE,
85,inst_3,Institución que proporciona servicios de salud a la que está afiliada o inscrita las personas del hogar.,C (1),,{3},
,,,,3,En el ISSSTE estatal,
86,inst_4,Institución que proporciona servicios de salud a la que está afiliada o inscrita las personas del hogar.,C (1),,{4},
,,,,4,"Por PEMEX, la Defensa o la Marina",
87,inst_5,Institución que proporciona servicios de salud a la que está afiliada o inscrita las personas del hogar.,C (1),,{5},
,,,,5,IMSS-Prospera,
88,inst_6,Institución que proporciona servicios de salud a la que está afiliada o inscrita las personas del hogar.,C (1),,{6},
,,,,6,Otro,
89,inscr_1,Origen de la afiliación o inscripción de las personas a las instituciones de salud o que les otorgan alguna pensión.,C (1),,{1},
,,,,1,Prestación en el trabajo,
90,inscr_2,Origen de la afiliación o inscripción de las personas a las instituciones de salud o que les otorgan alguna pensión.,C (1),,{2},
,,,,2,Jubilación o invalidez,
91,inscr_3,Origen de la afiliación o inscripción de las personas a las instituciones de salud o que les otorgan alguna pensión.,C (1),,{3},
,,,,3,Algún familiar en el hogar,
92,inscr_4,Origen de la afiliación o inscripción de las personas a las instituciones de salud o que les otorgan alguna pensión.,C (1),,{4},
,,,,4,Muerte del asegurado,
93,inscr_5,Origen de la afiliación o inscripción de las personas a las instituciones de salud o que les otorgan alguna pensión.,C (1),,{5},
,,,,5,Ser estudiante,
94,inscr_6,Origen de la afiliación o inscripción de las personas a las instituciones de salud o que les otorgan alguna pensión.,C (1),,{6},
,,,,6,Contratación propia,
95,inscr_7,Origen de la afiliación o inscripción de las personas a las instituciones de salud o que les otorgan alguna pensión.,C (1),,{7},
,,,,7,Algún familiar de otro hogar,
96,inscr_8,Origen de la afiliación o inscripción de las personas a las instituciones de salud o que les otorgan alguna pensión.,C (1),,{8},
,,,,8,No sabe,
97,prob_anio,Fecha de la última vez que tuvo problemas de salud.,C (4),,,
98,prob_mes,Fecha de la última vez que tuvo problemas de salud.,C (2),,"{01,...,12}",
,,,,1,Enero,
,,,,2,Febrero,
,,,,3,Marzo,
,,,,4,Abril,
,,,,5,Mayo,
,,,,6,Junio,
,,,,7,Julio,
,,,,8,Agosto,
,,,,9,Septiembre,
,,,,10,Octubre,
,,,,11,Noviembre,
,,,,12,Diciembre,
99,prob_sal,Personas que han tenido algún problema de salud que les haya impedido realizar sus actividades diarias.,C (1),,"{1,2}",
,,,,1,Sí,
,,,,2,No,
100,aten_sal,Personas que han tenido algún problema de salud que les haya impedido realizar sus actividades diarias.,C (1),,"{1,2}",
,,,,1,Sí,
,,,,2,No,
101,servmed_1,Lugar de atención que frecuentan las personas para recibir atención médica.,C (2),,{01},
,,,,1,Centros de salud (Secretaría de Salud),
102,servmed_2,Lugar de atención que frecuentan las personas para recibir atención médica.,C (2),,{02},
,,,,2,Hospital o instituto (Secretaría de Salud),
103,servmed_3,Lugar de atención que frecuentan las personas para recibir atención médica.,C (2),,{03},
,,,,3,Seguro Social o IMSS,
104,servmed_4,Lugar de atención que frecuentan las personas para recibir atención médica.,C (2),,{04},
,,,,4,IMSS-PROSPERA,
105,servmed_5,Lugar de atención que frecuentan las personas para recibir atención médica.,C (2),,{05},
,,,,5,ISSSTE,
106,servmed_6,Lugar de atención que frecuentan las personas para recibir atención médica.,C (2),,{06},
,,,,6,ISSSTE estatal,
107,servmed_7,Lugar de atención que frecuentan las personas para recibir atención médica.,C (2),,{07},
,,,,7,"Otro servicio médico público (PEMEX, Defensa, Marina, DIF, INI, GDF)",
108,servmed_8,Lugar de atención que frecuentan las personas para recibir atención médica.,C (2),,{08},
,,,,8,Consultorios y hospitales privados,
109,servmed_9,Lugar de atención que frecuentan las personas para recibir atención médica.,C (2),,{09},
,,,,9,Consultorio de farmacias,
110,servmed_10,Lugar de atención que frecuentan las personas para recibir atención médica.,C (2),,{10},
,,,,10,"Curandero, hierbero, comadrona, brujo, etcétera",
111,servmed_11,Lugar de atención que frecuentan las personas para recibir atención médica.,C (2),,{11},
,,,,11,Otro,
112,hh_lug,Tiempo de traslado a recibir atención médica.,N (2),,,
113,mm_lug,Tiempo de traslado a recibir atención médica.,N (2),,,
114,hh_esp,Tiempo de espera en recibir atención médica.,N (2),,,
115,mm_esp,Tiempo de espera en recibir atención médica.,N (2),,,
116,pagoaten_1,Pago de atención médica.,C (1),,{1},
,,,,1,Consulta,
117,pagoaten_2,Pago de atención médica.,C (1),,{2},
,,,,2,Medicamentos,
118,pagoaten_3,Pago de atención médica.,C (1),,{3},
,,,,3,Estudios de laboratorio,
119,pagoaten_4,Pago de atención médica.,C (1),,{4},
,,,,4,Hospitalización,
120,pagoaten_5,Pago de atención médica.,C (1),,{5},
,,,,5,Instrumental médico,
121,pagoaten_6,Pago de atención médica.,C (1),,{6},
,,,,6,Otro,
122,pagoaten_7,Pago de atención médica.,C (1),,{7},
,,,,7,No pagó nada,
123,noatenc_1,Motivo por el cual la gente no se atiende cuando lo requiere.,C (2),,{01},
,,,,1,No hay donde atenderse,
124,noatenc_2,Motivo por el cual la gente no se atiende cuando lo requiere.,C (2),,{02},
,,,,2,No tenía dinero,
125,noatenc_3,Motivo por el cual la gente no se atiende cuando lo requiere.,C (2),,{03},
,,,,3,La clínica u hospital queda lejos,
126,noatenc_4,Motivo por el cual la gente no se atiende cuando lo requiere.,C (2),,{04},
,,,,4,No lo(la) atienden aunque vaya a la unidad médica,
127,noatenc_5,Motivo por el cual la gente no se atiende cuando lo requiere.,C (2),,{05},
,,,,5,No le tiene confianza al personal de la unidad médica,
128,noatenc_6,Motivo por el cual la gente no se atiende cuando lo requiere.,C (2),,{06},
,,,,6,Lo(la) trataron mal donde se atiende,
129,noatenc_7,Motivo por el cual la gente no se atiende cuando lo requiere.,C (2),,{07},
,,,,7,No hablan la misma lengua que usted,
130,noatenc_8,Motivo por el cual la gente no se atiende cuando lo requiere.,C (2),,{08},
,,,,8,Hay que esperar mucho para ser atendido(a),
131,noatenc_9,Motivo por el cual la gente no se atiende cuando lo requiere.,C (2),,{09},
,,,,9,No le dan el medicamento que necesita,
132,noatenc_10,Motivo por el cual la gente no se atiende cuando lo requiere.,C (2),,{10},
,,,,10,La unidad médica no estaba abierta,
133,noatenc_11,Motivo por el cual la gente no se atiende cuando lo requiere.,C (2),,{11},
,,,,11,No había médico en la unidad,
134,noatenc_12,Motivo por el cual la gente no se atiende cuando lo requiere.,C (2),,{12},
,,,,12,Se lo impidió un integrante del hogar,
135,noatenc_13,Motivo por el cual la gente no se atiende cuando lo requiere.,C (2),,{13},
,,,,13,No tuvo tiempo,
136,noatenc_14,Motivo por el cual la gente no se atiende cuando lo requiere.,C (2),,{14},
,,,,14,No hubo quién lo llevara,
137,noatenc_15,Motivo por el cual la gente no se atiende cuando lo requiere.,C (2),,{15},
,,,,15,No quiso o no era necesario,
138,noatenc_16,Motivo por el cual la gente no se atiende cuando lo requiere.,C (2),,{16},
,,,,16,Se automedicó o autorecetó,
139,norecib_1,Institución en la que buscó atención y no la recibió.,C (2),,{01},
,,,,1,Centros de salud (Secretaría de Salud),
140,norecib_2,Institución en la que buscó atención y no la recibió.,C (2),,{02},
,,,,2,Hospital o instituto (Secretaría de Salud),
141,norecib_3,Institución en la que buscó atención y no la recibió.,C (2),,{03},
,,,,3,Seguro Social o IMSS,
142,norecib_4,Institución en la que buscó atención y no la recibió.,C (2),,{04},
,,,,4,IMSS-PROSPERA,
143,norecib_5,Institución en la que buscó atención y no la recibió.,C (2),,{05},
,,,,5,ISSSTE,
144,norecib_6,Institución en la que buscó atención y no la recibió.,C (2),,{06},
,,,,6,ISSSTE estatal,
145,norecib_7,Institución en la que buscó atención y no la recibió.,C (2),,{07},
,,,,7,"Otro servicio médico público (PEMEX, Defensa, Marina, DIF, INI, GDF)",
146,norecib_8,Institución en la que buscó atención y no la recibió.,C (2),,{08},
,,,,8,Consultorios y hospitales privados,
147,norecib_9,Institución en la que buscó atención y no la recibió.,C (2),,{09},
,,,,9,Consultorio de farmacias,
148,norecib_10,Institución en la que buscó atención y no la recibió.,C (2),,{10},
,,,,10,"Curandero, hierbero, comadrona, brujo, etcétera",
149,norecib_11,Institución en la que buscó atención y no la recibió.,C (2),,{11},
,,,,11,Otro,
150,razon_1,Motivo por el cual no lo atendieron.,C (2),,{01},
,,,,1,No tenía dinero,
151,razon_2,Motivo por el cual no lo atendieron.,C (2),,{02},
,,,,2,No entendía su lengua,
152,razon_3,Motivo por el cual no lo atendieron.,C (2),,{03},
,,,,3,No quisieron,
153,razon_4,Motivo por el cual no lo atendieron.,C (2),,{04},
,,,,4,Dijeron que no era necesario,
154,razon_5,Motivo por el cual no lo atendieron.,C (2),,{05},
,,,,5,No tenían tiempo,
155,razon_6,Motivo por el cual no lo atendieron.,C (2),,{06},
,,,,6,La unidad médica estaba cerrada,
156,razon_7,Motivo por el cual no lo atendieron.,C (2),,{07},
,,,,7,Le dieron cita hasta mucho tiempo después,
157,razon_8,Motivo por el cual no lo atendieron.,C (2),,{08},
,,,,8,No había médico en la unidad,
158,razon_9,Motivo por el cual no lo atendieron.,C (2),,{09},
,,,,9,No le dieron ninguna razón,
159,razon_10,Motivo por el cual no lo atendieron.,C (2),,{10},
,,,,10,El personal de la unidad le dijo que no era necesario que se atendiera,
160,razon_11,Motivo por el cual no lo atendieron.,C (2),,{11},
,,,,11,Otro,
161,diabetes,Las personas que han tenido acceso a servicios médicos preventivos asociados a la diabetes.,C (1),,"{1,2}",
,,,,1,Sí,
,,,,2,No,
162,pres_alta,Las personas que han tenido acceso a servicios médicos preventivos asociados a problemas cardiacos.,C (1),,"{1,2}",
,,,,1,Sí,
,,,,2,No,
163,peso,"Las personas que están siendo pesadas y medidas con objetivos de control médico, de cuidado de la salud o de vigilancia del desarrollo de la persona.",C (1),,"{1,2}",
,,,,1,Sí,
,,,,2,No,
164,segvol_1,Tipo de seguro que el integrante del hogar ha contratado voluntariamente.,C (1),,{1},
,,,,1,"SAR, AFORE o fondo de pensiones",
165,segvol_2,Tipo de seguro que el integrante del hogar ha contratado voluntariamente.,C (1),,{2},
,,,,2,Seguro privado de gastos médicos,
166,segvol_3,Tipo de seguro que el integrante del hogar ha contratado voluntariamente.,C (1),,{3},
,,,,3,Seguro de vida,
167,segvol_4,Tipo de seguro que el integrante del hogar ha contratado voluntariamente.,C (1),,{4},
,,,,4,Seguro de invalidez,
168,segvol_5,Tipo de seguro que el integrante del hogar ha contratado voluntariamente.,C (1),,{5},
,,,,5,Otro tipo de seguro,
169,segvol_6,Tipo de seguro que el integrante del hogar ha contratado voluntariamente.,C (1),,{6},
,,,,6,Ninguno de los anteriores,
170,segvol_7,Tipo de seguro que el integrante del hogar ha contratado voluntariamente.,C (1),,{7},
,,,,7,No sabe,
171,hijos_viv,"Producto del embarazo que al momento de su extracción o expulsión dio alguna señal de vida, tal como movimiento, latido del corazón, llanto o respiro, aunque después haya muerto.",N (2),,,
172,hijos_mue,Hijos(as) nacidos muertos que ha tenido la integrante del hogar de 12 años o más.,N (2),,,
173,hijos_sob,"Hijos sobrevivientes que tiene la integrante del hogar de 12 años o más, independientemente de donde residan.",N (2),,,
174,trabajo_mp,"Es la situación que distingue a la población de 12 o más años de acuerdo con el desempeño o no de una actividad económica en el periodo de referencia, que permite clasificarla como parte de la Población Económicamente Activa (PEA) o como parte de la Población No Económicamente Activa (PNEA).",C (1),,"{1,2}",
,,,,1,Trabajó el mes pasado,
,,,,2,No trabajó el mes pasado,
175,motivo_aus,"Motivo de ausencia, por el cual, el integrante del hogar no trabajó el mes pasado.",C (2),,"{01,...,13}",
,,,,1,Huelga o paro laboral,
,,,,2,Paro técnico,
,,,,3,Suspensión temporal de sus funciones,
,,,,4,Asistencia a cursos de capacitación,
,,,,5,Vacaciones,
,,,,6,"Permiso, enfermedad o arreglo de asuntos personales",
,,,,7,Falta de vehículo o descompostura de máquina,
,,,,8,"Falta de materias primas, financiamiento o clientes",
,,,,9,Mal tiempo o fenómeno natural,
,,,,10,Término de temporada de trabajo o cultivo,
,,,,11,Comenzará un trabajo o negocio nuevo,
,,,,12,Otra razón,
,,,,13,Ninguna de las anteriores,
176,act_pnea1,Actividad o situación de las personas no económicamente activas. ,C (1),,"{1,...,6}",
,,,,1,Estuvo buscando trabajo,
,,,,2,Es pensionado o jubilado,
,,,,3,Se dedicó a los quehaceres del hogar,
,,,,4,Se dedicó a estudiar,
,,,,5,Es una persona con alguna limitación física o mental que le impide trabajar por el resto de su vida,
,,,,6,Está en otra situación diferente a las anteriores,
177,act_pnea2,Actividad o situación de las personas no económicamente activas. ,C (1),,"{2,...,5}",
,,,,2,Es pensionado o jubilado,
,,,,3,Se dedicó a los quehaceres del hogar,
,,,,4,Se dedicó a estudiar,
,,,,5,Es una persona con alguna limitación física o mental que le impide trabajar por el resto de su vida,
178,num_trabaj,Número de trabajos que los integrantes del hogar realizaron durante el mes pasado.,C (1),,"{1,2}",
,,,,1,Sólo 1,
,,,,2,Dos o más,
